{
    "name": "jdbc-postgresql-sink",
    "config": {
        "connection.url": "jdbc:postgresql://kafka_projeto_devcontainer-database-1:5432/project3?user=postgres&password=My01pass",
        "connector.class": "io.confluent.connect.jdbc.JdbcSinkConnector",
        "dialect.name": "PostgreSqlDatabaseDialect",
        "tasks.max": "1",
        "topics.regex":"^ResultsTopic.*",
        "auto.create": "true",
        "insert.mode": "upsert",
        "pk.mode": "record_value",
        "pk.fields": "routeId",
        "key.converter": "org.apache.kafka.connect.storage.StringConverter",
        "value.converter": "org.apache.kafka.connect.json.JsonConverter",
        "key.converter.schemas.enable": "true",
        "value.converter.schemas.enable": "true"
    }
}